Participant ID,gender,Level,Time,PosX,PosY,PosZ,Facing Angle
Participant ID,gender,Level,Time,PosX,PosY,PosZ,Facing Angle
Participant ID,gender,Level,Time,PosX,PosY,PosZ,Facing Angle
,,-1,11.58889,0.3926719,1.136429,-0.3461679,223.8165
,,-1,12.03333,0.4027606,1.13252,-0.3421871,244.1276
,,-1,12.47778,0.3916618,1.126048,-0.3258203,257.5786
,,-1,12.92222,0.4047899,1.158805,-0.3341653,231.7389
,,-1,13.36667,0.451511,1.209595,-0.2272957,178.478
,,-1,13.81111,0.4611032,1.214888,-0.210022,179.209
,,-1,14.25556,0.4352363,1.208788,-0.1931797,204.0568
,,-1,14.7,0.3758299,1.203923,-0.1823463,217.2212
,,-1,15.14444,0.1621375,1.201211,-0.1756345,222.399
,,-1,15.58889,0.0681408,1.207253,-0.2364886,215.2847
,,-1,16.03333,0.09288925,1.20107,-0.2968611,168.366
,,-1,16.47778,0.1633236,1.186238,-0.2420703,91.53737
,,-1,16.92222,0.2502013,1.177033,-0.1983672,99.91659
,,-1,17.36667,0.5099316,1.18308,-0.05624956,99.1472
,,-1,17.81111,0.7409841,1.19167,0.05686355,101.7705
,,-1,18.25556,0.9474421,1.200823,0.1426369,107.7115
,,-1,18.7,1.127784,1.205111,0.2144836,117.7785
,,-1,19.14445,1.317462,1.210599,0.2410015,126.4231
,,-1,19.58889,1.476102,1.21631,0.3078231,142.6679
,,0,29.5,0.3640314,1.133371,0.1057838,218.3949
,,0,29.94444,0.3917028,1.157333,0.1087428,189.2987
,,0,30.38889,0.4318314,1.175843,0.1941976,123.3548
,,0,30.83333,0.4345762,1.177818,0.2321129,108.7739
,,0,31.27778,0.4241161,1.151945,0.1989549,133.7957
,,0,31.72222,0.4609531,1.138231,0.1994926,121.4377
,,0,32.16667,0.4027208,1.151604,0.1692895,172.5792
,,0,32.61111,0.3108886,1.158723,0.2207916,259.2217
,,0,33.05556,0.3420194,1.159174,0.1593089,206.3405
,,0,33.5,0.6375947,1.186026,0.21723,107.5469
,,0,33.94445,0.8888601,1.19373,0.263375,115.3209
,,0,34.38889,1.123893,1.198524,0.3056337,116.4333
,,0,34.83334,1.335844,1.202711,0.3240126,124.4175
,,0,35.27778,1.53163,1.204471,0.3293338,127.8858
,,1,60.45556,0.2222637,1.168686,0.1348803,189.7943
,,1,60.9,0.2224684,1.168495,0.1346533,189.7236
,,2,71.95556,2.249037,1.168073,1.950405,196.2894
,,2,72.4,2.032816,1.164724,2.07839,195.5821
,,2,72.84444,1.894709,1.162654,1.96515,195.3574
,,3,87.57778,0.8836869,1.166316,0.4176874,204.9007
,,3,88.02222,0.8877914,1.167834,0.4187603,204.2027
Participant ID,gender,Level,Time,PosX,PosY,PosZ,Facing Angle
,,1,21.51111,0.3716044,1.137245,-0.06736839,221.6184
,,1,21.95556,0.372236,1.137764,-0.06788778,221.5424
,,1,22.4,0.4039431,1.154416,-0.08506429,197.5614
,,1,22.84444,0.5010765,1.153234,-0.05396652,123.1518
,,1,23.28889,0.5205024,1.162215,0.01991367,86.48842
,,1,23.73333,0.507863,1.172469,0.08428061,63.02855
,,1,24.17778,0.5026324,1.185091,0.02563417,96.72712
,,1,24.62222,0.3445861,1.166042,0.0120672,269.8503
,,1,25.06667,0.3334866,1.146234,0.03976071,290.3077
,,1,25.51111,0.3487203,1.153211,-0.07316566,218.4046
,,1,25.95556,0.3286431,1.146984,-0.03644907,245.7691
,,1,26.4,0.3100792,1.135869,0.07750595,297.8832
,,1,26.84444,0.3008214,1.138287,0.0633049,294.4932
,,1,27.28889,0.3212366,1.165577,0.04843938,275.224
,,1,27.73333,0.3137562,1.163534,0.1941371,273.3088
,,1,28.17778,0.2932284,1.160223,0.2662371,261.3865
,,1,28.62222,0.315704,1.184906,0.2033774,207.2048
,,1,29.06667,0.3975832,1.175175,0.1437458,159.7218
,,1,29.51111,0.4487313,1.163276,0.1382198,137.9319
,,1,29.95556,0.4726293,1.167675,0.1386765,122.3078
,,1,30.4,0.4412171,1.184812,0.1294348,134.8712
,,1,30.84444,0.4343677,1.163706,0.01401162,167.0178
,,1,31.28889,0.5770924,1.150201,-0.07481635,166.2056
,,1,31.73333,0.7896732,1.006021,-0.2050394,116.4363
,,1,32.17778,0.8344259,0.9377871,-0.3243126,131.6064
,,1,32.62222,0.7933677,1.039808,-0.2773182,146.4269
,,1,33.06667,0.8028492,1.042325,-0.2748917,168.3029
,,1,33.51111,0.7279811,1.082581,-0.2424921,163.9706
,,1,33.95555,0.7622215,1.068445,-0.2814084,180.3358
,,1,34.4,0.8031837,1.013489,-0.3465892,190.7693
,,1,34.84444,0.8100281,1.007671,-0.3439492,187.6748
Participant ID,gender,Level,Time,PosX,PosY,PosZ,Facing Angle
Participant ID,gender,Level,Time,PosX,PosY,PosZ,Facing Angle
,,1,17.01111,0.3559482,1.189185,-0.183458,193.9866
,,1,17.45556,0.3553581,1.18911,-0.1836479,194.3017
,,1,17.9,0.3549234,1.188944,-0.1835829,194.9247
,,1,18.34444,0.3570399,1.189441,-0.1835674,195.3798
,,1,18.78889,0.3605034,1.189998,-0.184955,195.4028
Participant ID,gender,Level,Time,PosX,PosY,PosZ,Facing Angle
,,1,14.16667,0.6973437,1.130882,-0.5422835,208.6929
,,1,14.61111,0.7084161,1.16819,-0.611186,185.9345
,,1,15.05556,0.847461,1.194958,-0.6517085,198.0662
,,1,15.5,0.8397136,1.194996,-0.65501,199.8591
Participant ID,gender,Level,Time,PosX,PosY,PosZ,Facing Angle
,,1,23.81111,0.4716402,1.12742,-0.1417941,208.131
,,1,24.25556,0.4758542,1.131611,-0.1501405,203.1344
,,1,24.7,0.5459037,1.19041,-0.2399929,186.3317
,,1,25.14445,0.5878108,1.196482,-0.2562127,202.627
,,1,25.58889,0.577899,1.196091,-0.2509627,203.9298
,,1,26.03333,0.5755421,1.195841,-0.2498301,204.2374
Participant ID,gender,Level,Time,PosX,PosY,PosZ,Facing Angle
,,1,72.02222,0.6510441,1.129275,-0.4060441,212.6397
,,1,72.46667,0.6549211,1.123457,-0.4121083,206.1829
,,1,72.91111,0.7431856,1.172994,-0.4523296,170.3949
,,1,73.35556,1.005006,1.056899,-0.5423268,115.3051
,,1,73.8,1.105795,0.8377516,-0.6608835,89.96766
,,1,74.24445,1.102473,0.8153091,-0.6847284,91.10896
,,1,74.68889,1.097505,0.8019483,-0.691941,94.9332
,,1,75.13334,1.093236,0.794397,-0.6941308,95.03191
,,1,75.57778,1.090686,0.788873,-0.6953332,94.9356
,,1,76.02222,1.091056,0.7894366,-0.6950458,94.92315
,,1,76.46667,1.09129,0.7900037,-0.6950082,94.88763
,,1,76.91111,1.09155,0.7904253,-0.6950694,94.8353
,,1,77.35556,1.091342,0.7903059,-0.6949193,94.82648
,,1,77.8,1.091368,0.7905684,-0.6948446,94.81384
,,1,78.24445,1.091542,0.7908181,-0.6948794,94.79549
,,1,78.68889,1.091229,0.7901407,-0.6949565,94.79182
,,1,79.13334,1.091295,0.7900744,-0.694995,94.7891
,,1,79.57778,1.091298,0.7901453,-0.6950108,94.78273
,,1,80.02222,1.091254,0.7902777,-0.6949341,94.77242
,,1,80.46667,1.091313,0.7904252,-0.694739,94.77854
,,1,80.91111,1.091499,0.7903332,-0.6949509,94.79047
,,1,81.35556,1.091331,0.7904869,-0.6949253,94.78545
,,1,81.8,1.091334,0.7903829,-0.6948673,94.77013
,,1,82.24445,1.091379,0.7906353,-0.694903,94.77028
Participant ID,gender,Level,Time,PosX,PosY,PosZ,Facing Angle
,,1,18.86667,0.7325759,1.167582,-0.5353035,206.492
,,1,19.31111,0.725062,1.159902,-0.5428689,208.2913
,,1,19.75556,0.7149935,1.145531,-0.5574719,214.369
,,1,20.2,0.7066277,1.129711,-0.5755308,213.1004
,,1,20.64445,0.711129,1.134789,-0.5610867,210.484
,,1,21.08889,0.7033937,1.130737,-0.5622051,212.1836
,,1,21.53333,0.7049401,1.127506,-0.5680469,211.7309
,,1,21.97778,0.7669798,1.20186,-0.6399055,164.5464
,,1,22.42222,1.028443,1.10232,-0.6847377,120.4081
,,1,22.86667,1.205146,0.8739285,-0.8150359,84.53667
,,1,23.31111,1.194635,0.8144628,-0.860326,84.56985
,,1,23.75556,1.181082,0.7916446,-0.8604514,83.96381
,,1,24.2,1.181347,0.7930537,-0.8550165,84.4417
Participant ID,gender,Level,Time,PosX,PosY,PosZ,Facing Angle
,,1,39.33334,0.3526269,1.112187,-0.03117895,210.6443
,,1,39.77778,0.3523998,1.112211,-0.03140545,210.5182
,,1,40.22222,0.3531534,1.112184,-0.03175879,210.2608
,,1,40.66667,0.3586542,1.115875,-0.03559434,204.7033
,,1,41.11111,0.3841951,1.136344,-0.03829503,191.3523
,,1,41.55556,0.4017264,1.144961,-0.04140568,184.6212
,,1,42,0.4016444,1.14544,-0.04012799,184.6715
,,1,42.44445,0.3940961,1.142879,-0.03639913,187.375
,,1,42.88889,0.3743197,1.136654,-0.03192258,194.7266
,,1,43.33334,0.3558177,1.126081,-0.028615,204.8837
,,1,43.77778,0.3486494,1.121202,-0.02857995,209.7795
,,1,44.22223,0.3465988,1.119446,-0.02847266,210.4724
,,1,44.66667,0.3473679,1.119561,-0.02881968,210.1667
,,1,45.11111,0.3481373,1.119492,-0.02894878,209.3353
,,1,45.55556,0.3475341,1.118397,-0.02828503,209.9779
,,1,46,0.3466402,1.117663,-0.02797794,209.7746
,,1,46.44445,0.3463532,1.117567,-0.02837932,209.5847
,,1,46.88889,0.3464333,1.117392,-0.02858222,209.4973
,,1,47.33334,0.3466787,1.11742,-0.02839935,209.4268
,,1,47.77778,0.3463914,1.117136,-0.02841759,209.3383
,,1,48.22223,0.3466346,1.116979,-0.02809238,209.3065
,,1,48.66667,0.346726,1.116951,-0.02804279,209.297
,,1,49.11111,0.3466182,1.116647,-0.02798438,209.3432
,,1,49.55556,0.3467631,1.11656,-0.02790809,209.4743
,,1,50,0.3463286,1.116619,-0.02813029,209.5193
,,1,50.44445,0.3465002,1.116538,-0.02800512,209.5692
,,1,50.88889,0.3462476,1.116363,-0.02806377,209.6957
,,1,51.33334,0.3459726,1.116152,-0.02828836,209.6554
,,1,51.77778,0.3461803,1.116093,-0.02820539,209.6592
,,1,52.22223,0.3518376,1.119974,-0.031587,207.9478
,,1,52.66667,0.3662539,1.126234,-0.0382576,205.4197
,,1,53.11111,0.4093603,1.148561,-0.04071605,181.3777
,,1,53.55556,0.4684617,1.16422,0.02324748,126.2557
,,1,54,0.4566416,1.156949,0.03752041,128.3465
,,1,54.44445,0.3573286,1.103807,-0.02777195,206.7327
,,1,54.88889,0.2833212,1.078764,0.00463438,251.1918
,,1,55.33334,0.2552512,1.092088,0.05461478,270.6137
,,1,55.77778,0.266382,1.108945,0.02950716,265.504
,,1,56.22223,0.3010663,1.120959,0.06345046,283.9101
,,1,56.66667,0.2959834,1.11623,0.07838631,282.3684
,,1,57.11111,0.3222073,1.119774,-0.0229789,216.4938
,,1,57.55556,0.372956,1.139221,-0.08927679,188.7679
,,1,58,0.3733644,1.13522,-0.05884433,202.9374
,,1,58.44445,0.3704349,1.132835,-0.04856467,201.2516
,,1,58.88889,0.3620403,1.128752,-0.04551601,201.4904
,,1,59.33334,0.4016832,1.167617,-0.08657861,187.0219
,,1,59.77778,0.6336979,1.12677,-0.06971359,136.7435
,,1,60.22223,0.8048152,0.9101617,-0.2413907,99.72033
,,1,60.66667,0.8120603,0.8346065,-0.2977902,91.53104
,,1,61.11111,0.8074734,0.8113213,-0.3064886,92.57491
,,1,61.55556,0.8078551,0.8021995,-0.3140666,96.72996
,,1,62,0.8048107,0.7954789,-0.3131399,95.76123
,,1,62.44445,0.8009767,0.7888047,-0.3150556,95.66705
,,1,62.88889,0.800744,0.7885995,-0.3152277,95.56978
,,1,63.33334,0.8013569,0.7898906,-0.3148212,95.48466
,,1,63.77778,0.8015854,0.7903179,-0.3147861,95.45008
,,1,64.22222,0.8014583,0.7902956,-0.3147423,95.42052
,,1,64.66667,0.8013589,0.7901351,-0.3148462,95.40966
,,1,65.11111,0.8012845,0.7898569,-0.314852,95.37332
,,1,65.55556,0.8012564,0.7899772,-0.3149028,95.35399
,,1,66,0.801274,0.7898202,-0.3148758,95.33815
,,1,66.44444,0.8012838,0.7897946,-0.3148695,95.32039
,,1,66.88889,0.8012654,0.7894438,-0.314899,95.29432
,,1,67.33334,0.801089,0.7893071,-0.3149598,95.27654
,,1,67.77778,0.8010377,0.7891684,-0.3150281,95.28515
Participant ID,gender,Level,Time,PosX,PosY,PosZ,Facing Angle
,,3,15.21111,0.3446665,1.121454,-0.1406581,194.8303
,,3,15.65556,0.3428195,1.154996,-0.1536647,192.6334
,,3,16.1,0.3925022,1.22166,-0.1890407,186.5693
,,3,16.54445,0.5275813,1.146341,-0.2091455,181.8893
,,3,16.98889,0.7613418,0.9567614,-0.3308482,103.6892
,,3,17.43333,0.8154181,0.8129436,-0.430914,88.04115
,,3,17.87778,0.8153067,0.8072385,-0.4437268,89.25108
Participant ID,gender,Level,Time,PosX,PosY,PosZ,Facing Angle
,,1,17.34444,0.4477584,1.135535,-0.1108003,196.7326
,,1,17.78889,0.4432691,1.127595,-0.1189574,203.0693
,,1,18.23333,0.4455711,1.128924,-0.1159416,202.4113
,,1,18.67778,0.4424965,1.131627,-0.1230251,200.9709
,,1,19.12222,0.4394177,1.14161,-0.1510373,193.2709
,,1,19.56667,0.4499286,1.125802,-0.1271545,202.2592
,,1,20.01111,0.4279422,1.12442,-0.1220683,198.2009
,,1,20.45556,0.4342992,1.137677,-0.131245,192.1932
,,1,20.9,0.4677097,1.148154,-0.138572,183.6421
,,1,21.34444,0.505097,1.150221,-0.1215395,152.4111
,,1,21.78889,0.4992553,1.147481,-0.1146078,153.4984
,,1,22.23333,0.456845,1.143165,-0.1231366,185.9455
,,1,22.67778,0.4313322,1.131574,-0.1327012,221.8426
,,1,23.12222,0.4351009,1.125166,-0.1389656,233.6522
,,1,23.56667,0.4265698,1.120717,-0.1312815,235.8969
,,1,24.01111,0.4141273,1.125843,-0.125213,210.5032
,,1,24.45556,0.43285,1.143681,-0.09480083,175.8071
,,1,24.9,0.4409596,1.155566,-0.09284818,169.746
,,1,25.34444,0.6874553,1.179436,-0.2164127,123.6381
,,1,25.78889,0.9141806,0.9242065,-0.3651117,87.50675
,,1,26.23333,0.902784,0.8309172,-0.4099084,85.13925
,,1,26.67778,0.9008585,0.816363,-0.4229192,85.46033
,,1,27.12222,0.8933557,0.8021863,-0.4161078,91.81091
,,1,27.56667,0.9090124,0.8292758,-0.4035207,94.99483
,,1,28.01111,0.8923366,0.7922342,-0.4104248,94.81311
,,1,28.45556,0.8898171,0.7865615,-0.411554,94.63351
,,1,28.9,0.8912371,0.7895766,-0.4110781,94.48698
,,1,29.34444,0.8921326,0.7913306,-0.4107207,94.4006
Participant ID,gender,Level,Time,PosX,PosY,PosZ,Facing Angle
,,-1,9.5,0.3950241,1.137205,-0.3622355,192.3206
,,-1,9.944445,0.3611299,1.126605,-0.3534847,221.129
,,-1,10.38889,0.3405821,1.146448,-0.3194569,256.7479
,,-1,10.83333,0.341899,1.171667,-0.303458,254.5189
,,-1,11.27778,0.3922093,1.19537,-0.3014136,218.3522
,,-1,11.72222,0.4182868,1.205083,-0.2496107,179.3899
,,-1,12.16667,0.4163368,1.208574,-0.2419124,177.1093
,,-1,12.61111,0.4037998,1.204613,-0.2280154,210.6211
,,-1,13.05556,0.3819895,1.209049,-0.208349,224.4922
,,-1,13.5,0.2723322,1.205358,-0.19179,226.6976
,,-1,13.94444,0.1141601,1.202414,-0.2500182,222.9809
,,-1,14.38889,0.1030717,1.19832,-0.3164082,202.0175
,,-1,14.83333,0.1845053,1.175764,-0.3161576,105.9941
,,-1,15.27778,0.2911696,1.179626,-0.2552018,99.10389
,,-1,15.72222,0.5843787,1.183138,-0.07351178,100.395
,,-1,16.16667,0.8924249,1.179928,0.1063994,111.0837
,,-1,16.61111,1.182725,1.18481,0.2624882,133.4384
,,-1,17.05556,1.28447,1.185097,0.294699,186.8648
,,-1,17.5,1.24916,1.16924,0.3172903,217.9841
,,-1,17.94444,1.325036,1.219913,0.3410933,151.579
,,-1,18.38889,1.569649,1.219046,0.4509826,152.8584
,,0,26.53333,0.3029081,1.090201,0.1769505,223.7577
,,0,26.97778,0.3123955,1.097159,0.1751959,221.2175
,,0,27.42222,0.3130854,1.095452,0.1795607,221.8278
,,0,27.86667,0.3471987,1.09889,0.3596765,220.6545
,,0,28.31111,0.3875261,1.114451,0.4809579,212.6087
,,0,28.75556,0.4435034,1.147308,0.4569089,193.0847
,,0,29.2,0.4833365,1.158325,0.4489098,164.3934
,,0,29.64445,0.5142711,1.151093,0.4722474,126.3029
,,0,30.08889,0.4558696,1.152648,0.4737991,162.9715
,,0,30.53333,0.3765931,1.12093,0.5165541,213.3045
,,0,30.97778,0.3696573,1.110025,0.5090698,214.4948
,,0,31.42222,0.3819531,1.10686,0.5037935,213.6498
,,0,31.86667,0.3781381,1.104118,0.5001771,215.655
,,0,32.31111,0.3832696,1.103417,0.5112871,215.5024
,,0,32.75556,0.485699,1.109451,0.5916342,215.7049
,,0,33.2,0.5208778,1.117041,0.5988982,216.1983
,,0,33.64444,0.5258121,1.120371,0.5944312,215.0577
,,0,34.08889,0.5442042,1.129387,0.5911498,207.3147
,,0,34.53333,0.5579441,1.124357,0.5614787,211.1541
,,0,34.97778,0.7740727,1.118437,0.3347182,222.4289
,,0,35.42222,1.075618,1.130985,0.247751,245.962
,,0,35.86667,1.402954,1.136846,0.2236327,256.339
,,0,36.31111,1.556454,1.140889,0.2056068,252.2036
,,0,36.75556,1.862203,1.14604,0.1610056,252.603
,,0,37.2,2.124529,1.162277,0.1094927,236.583
,,0,37.64444,2.2099,1.199888,0.1170611,148.2771
,,0,38.08889,2.163036,1.205459,0.1295619,197.4482
Participant ID,gender,Level,Time,PosX,PosY,PosZ,Facing Angle
,,2,19.76667,0.2598146,1.12139,-0.2894802,212.8472
,,2,20.21111,0.2604662,1.124439,-0.285905,208.6388
,,2,20.65556,0.2752038,1.14517,-0.2675236,171.2396
,,2,21.1,0.3154827,1.139254,-0.2267251,135.8957
,,2,21.54445,0.31348,1.109619,-0.2743279,153.2095
,,2,21.98889,0.4648253,1.137567,-0.3550886,120.726
,,2,22.43333,0.6421555,0.9616132,-0.5351665,102.8153
,,2,22.87778,0.6668663,0.8615882,-0.6011049,91.4156
,,2,23.32222,0.6528575,0.8335093,-0.6083621,92.1974
,,2,23.76667,0.6642672,0.815104,-0.6094445,100.7395
,,2,24.21111,0.6675273,0.8140503,-0.6089665,103.2109
,,2,24.65556,0.6639229,0.8077031,-0.6081909,103.9223
,,2,25.1,0.6598575,0.7976475,-0.6050304,104.985
Participant ID,gender,Level,Time,PosX,PosY,PosZ,Facing Angle
,,1,17.83333,0.3692533,1.123362,-0.1639057,202.1868
,,1,18.27778,0.4243665,1.190964,-0.2513198,189.6137
,,1,18.72222,0.4875126,1.198865,-0.2836742,198.4142
,,1,19.16667,0.4963527,1.197126,-0.2786251,209.911
,,1,19.61111,0.5001963,1.195662,-0.2715905,210.0031
,,1,20.05556,0.5005752,1.194785,-0.2681538,209.8857
,,1,20.5,0.4985324,1.194495,-0.2683672,210.2831
,,1,20.94444,0.4978054,1.194334,-0.2662498,210.2615
,,1,21.38889,0.4950669,1.194114,-0.2645394,210.3339
,,1,21.83333,0.4931789,1.193784,-0.2637066,210.5395
,,1,22.27778,0.491555,1.193576,-0.2625515,210.3819
,,1,22.72222,0.4898495,1.193408,-0.2614225,210.2429
Participant ID,gender,Level,Time,PosX,PosY,PosZ,Facing Angle
,,1,15.46667,0.4362102,1.141189,-0.06143582,191.6949
,,1,15.91111,0.4162436,1.129203,-0.08140397,197.9062
,,1,16.35556,0.5074357,1.191904,-0.1649436,204.7198
,,1,16.8,0.5257123,1.18494,-0.1608015,220.4919
,,1,17.24445,0.5585384,1.162842,-0.1260388,231.6615
,,1,17.68889,0.5409119,1.154489,-0.09952927,235.2816
,,1,18.13333,0.5392205,1.154585,-0.102164,235.8175
,,1,18.57778,0.5400059,1.154188,-0.1017542,235.9007
,,1,19.02222,0.5399754,1.154132,-0.1015077,236.0034
,,1,19.46667,0.5393691,1.154061,-0.1010778,235.7892
,,1,19.91111,0.5394865,1.154152,-0.1012387,235.9442
,,1,20.35556,0.5396355,1.154146,-0.1015782,236.0572
,,1,20.8,0.5384414,1.154117,-0.1026428,236.1867
,,1,21.24445,0.5368371,1.154127,-0.1030548,236.3361
,,1,21.68889,0.538146,1.15398,-0.1023629,235.9264
,,1,22.13333,0.5394589,1.154011,-0.1019658,236.0038
,,1,22.57778,0.545743,1.153818,-0.1022038,237.5159
,,1,23.02222,0.5553435,1.153364,-0.09792078,236.6215
,,1,23.46667,0.5562027,1.153446,-0.09833598,236.8756
Participant ID,gender,Level,Time,PosX,PosY,PosZ,Facing Angle
,,2,13.24444,1.059024,1.113476,-1.101735,209.2107
,,2,13.68889,1.100891,1.178371,-1.191208,207.0627
,,2,14.13333,1.252314,1.13773,-1.135562,172.0011
,,2,14.57778,1.456733,1.055864,-1.242538,125.651
Participant ID,gender,Level,Time,PosX,PosY,PosZ,Facing Angle
,,0,6.4,0.3239447,1.138256,-0.4960222,198.4341
,,0,6.844445,0.3387142,1.124228,-0.4597141,263.3482
,,0,7.288889,0.3613964,1.128362,-0.4446188,265.2441
,,0,7.733334,0.4113863,1.175069,-0.4469394,150.2463
,,0,8.177778,0.4064945,1.191868,-0.3563053,86.26373
,,0,8.622223,0.3965085,1.190026,-0.2725512,45.52436
,,0,9.066667,0.3310007,1.196254,-0.2469945,13.93746
,,0,9.511111,0.3020717,1.22435,-0.2885779,8.612162
,,0,9.955556,0.291613,1.228476,-0.3393481,26.5285
,,0,10.4,0.2730985,1.231884,-0.2959151,30.851
,,0,10.84444,0.2526689,1.225117,-0.3605652,19.32342
,,0,11.28889,0.164052,1.213067,-0.4135805,1.319906
,,0,11.73333,0.190571,1.215762,-0.4300005,10.86374
,,0,12.17778,0.2244408,1.214148,-0.4202963,11.34027
,,0,12.62222,0.08633983,1.213146,-0.5795467,7.326664
,,0,13.06667,-0.007102787,1.209553,-0.7110618,11.92238
,,0,13.51111,0.0005270839,1.209094,-0.6977898,6.707896
,,0,13.95556,-0.05548948,1.20549,-0.7806466,12.71925
,,0,14.4,-0.05267233,1.20136,-0.7727358,12.70688
,,0,14.84445,-0.03581017,1.201625,-0.7707155,15.46354
,,0,15.28889,-0.05460078,1.198358,-0.7622115,6.138497
,,0,15.73333,-0.06242836,1.199998,-0.7648166,3.207817
,,0,16.17778,-0.05799198,1.199757,-0.7597032,6.384753
,,0,16.62222,-0.02202058,1.205271,-0.7626768,16.3648
,,0,17.06667,0.0170877,1.202352,-0.7660632,28.49549
,,0,17.51111,-0.002216697,1.203429,-0.7502733,19.2421
,,0,17.95556,-0.02524728,1.201998,-0.7408908,15.9741
,,0,18.4,-0.04337084,1.192235,-0.7398629,19.06938
,,0,18.84444,-0.07821852,1.180863,-0.7171893,13.37784
,,0,19.28889,-0.08008075,1.182597,-0.7255938,13.51616
Participant ID,gender,Level,Time,PosX,PosY,PosZ,Facing Angle
,,0,8.611112,0.3955305,1.093091,-0.07750738,195.9296
,,0,9.055555,0.3665509,1.091154,-0.03428423,251.2457
,,0,9.5,0.3325806,1.093496,0.01783013,270.743
,,0,9.944445,0.3765861,1.123477,-0.05619407,155.4913
,,0,10.38889,0.39951,1.125711,0.009758115,92.5884
,,0,10.83333,0.3950791,1.118115,0.01614833,57.33389
,,0,11.27778,0.2988678,1.121583,-0.01054901,39.24613
,,0,11.72222,-0.02382863,1.12251,-0.1961305,34.61703
,,0,12.16667,-0.2984618,1.123397,-0.356606,44.67857
,,0,12.61111,-0.3328929,1.117879,-0.3979847,50.44966
,,0,13.05556,-0.3190153,1.11322,-0.3905593,56.19741
,,0,13.5,-0.3083595,1.110483,-0.3972059,63.80803
,,0,13.94444,-0.299492,1.109471,-0.3958103,65.77982
,,0,14.38889,-0.2834324,1.107243,-0.3866717,72.86037
,,0,14.83333,-0.2660316,1.103097,-0.381558,80.40913
,,0,15.27778,-0.2542714,1.097572,-0.3810328,85.89263
,,0,15.72222,-0.2603363,1.095904,-0.3831545,84.6274
,,0,16.16667,-0.2596576,1.091818,-0.3824721,83.89397
,,0,16.61111,-0.2624561,1.087712,-0.3869432,86.68562
,,0,17.05556,-0.2584255,1.089296,-0.3886338,87.71384
,,0,17.5,-0.2597235,1.089784,-0.3873926,87.91001
,,0,17.94444,-0.2603105,1.090166,-0.3870992,87.93177
,,0,18.38889,-0.261264,1.089949,-0.3868863,87.76952
,,0,18.83333,-0.2607259,1.090052,-0.3869717,87.72936
,,0,19.27778,-0.2612325,1.089845,-0.3869619,87.6578
,,0,19.72222,-0.2617046,1.090676,-0.3869246,87.84814
,,0,20.16667,-0.2625855,1.087605,-0.3876756,88.14251
,,0,20.61111,-0.2607204,1.085916,-0.3889802,88.57851
,,0,21.05556,-0.2538117,1.084231,-0.3894448,89.16198
,,0,21.5,-0.2517074,1.083155,-0.3888713,89.04217
,,0,21.94444,-0.2523423,1.083886,-0.386869,89.14774
,,0,22.38889,-0.2527775,1.083927,-0.3864182,89.11519
,,0,22.83333,-0.2545359,1.084634,-0.3887977,90.76453
,,0,23.27778,-0.2575263,1.085515,-0.3941873,94.83027
,,0,23.72222,-0.2198991,1.088513,-0.3791438,86.72318
,,0,24.16667,0.05320781,1.089019,-0.3518376,83.53538
,,0,24.61111,0.3627485,1.08651,-0.3151186,82.78925
,,0,25.05556,0.6800438,1.084338,-0.2793964,82.62887
,,0,25.5,0.9730524,1.086827,-0.230103,82.689
,,0,25.94444,1.243292,1.086807,-0.07598156,82.48409
,,0,26.38889,1.480106,1.08755,0.1761377,82.79234
,,0,26.83333,1.681124,1.091841,0.4551292,84.78847
,,0,27.27778,1.685213,1.096019,0.4646243,89.46971
,,0,27.72222,1.68381,1.103611,0.4357927,120.5815
,,0,28.16667,1.647653,1.099477,0.3964193,194.9874
,,0,28.61111,1.621681,1.095025,0.4299341,243.2648
,,0,29.05556,1.629925,1.103829,0.4332962,250.4625
,,0,29.5,1.664786,1.107338,0.4382491,250.7397
,,0,29.94444,1.660205,1.10221,0.4303875,247.6513
,,0,30.38889,1.647403,1.101233,0.4400027,250.1831
,,0,30.83333,1.644606,1.099271,0.440757,250.0124
,,0,31.27778,1.648835,1.092345,0.4290087,247.8558
,,0,31.72222,1.654707,1.093977,0.4288552,246.1883
,,0,32.16667,1.651889,1.092059,0.4303751,247.38
,,0,32.61111,1.656813,1.092915,0.4309044,247.5331
,,0,33.05556,1.657628,1.091574,0.4335347,249.8273
,,0,33.5,1.665776,1.093355,0.4329078,249.1714
,,0,33.94445,1.636522,1.093371,0.4320004,248.7759
,,0,34.38889,1.448125,1.095105,0.4161533,248.1245
,,0,34.83334,1.260852,1.096874,0.4032488,246.6609
,,0,35.27778,1.069091,1.098549,0.3963006,246.0101
,,0,35.72222,1.058083,1.099656,0.4004046,247.9872
,,0,36.16667,1.054319,1.096787,0.3987801,248.9705
,,0,36.61111,1.068116,1.105435,0.39424,240.1121
,,0,37.05556,1.068434,1.105059,0.394313,240.4615
,,0,37.5,1.0689,1.104254,0.3947138,241.1721
,,0,37.94445,1.066253,1.102813,0.3955978,242.2285
,,0,38.38889,1.065942,1.102355,0.396341,242.8668
,,0,38.83334,1.063274,1.100601,0.3982362,245.0474
,,0,39.27778,1.064376,1.102602,0.3959228,241.2163
,,0,39.72222,1.064826,1.102167,0.3971354,241.6266
,,0,40.16667,1.06459,1.10201,0.3976096,241.747
,,0,40.61111,1.063365,1.101558,0.3982908,242.1313
,,0,41.05556,1.062585,1.101008,0.3993374,242.3596
,,0,41.5,1.062727,1.101112,0.3993074,242.3418
,,0,41.94445,1.062817,1.100936,0.3997413,242.5051
,,0,42.38889,1.001544,1.101049,0.3684485,242.2528
,,0,42.83334,0.8759323,1.101201,0.3109469,242.2675
,,0,43.27778,0.68653,1.100879,0.2614106,242.4758
,,0,43.72222,0.4586443,1.101072,0.1984565,241.9588
,,0,44.16667,0.3686842,1.101254,0.1715322,241.2827
,,0,44.61111,0.3685786,1.102353,0.1722795,239.4372
,,0,45.05556,0.3671733,1.104077,0.1711352,235.5188
,,0,45.5,0.3485362,1.098501,0.1817744,228.8311
,,0,45.94445,0.3440948,1.097388,0.1768005,226.7001
,,0,46.38889,0.345532,1.098515,0.1790448,225.0394
,,0,46.83334,0.3442411,1.099266,0.1794956,225.2136
,,0,47.27778,0.3464279,1.098671,0.1799405,224.8905
,,0,47.72223,0.3450164,1.097731,0.1809727,225.5634
,,0,48.16667,0.3464088,1.097968,0.1799681,226.1043
,,0,48.61111,0.3472397,1.098158,0.1800451,226.2129
,,0,49.05556,0.3469707,1.098188,0.1799682,226.2147
,,0,49.5,0.3470301,1.098004,0.1802876,226.3495
,,0,49.94445,0.347439,1.097879,0.1803739,226.3111
,,0,50.38889,0.3467881,1.09759,0.1805531,226.3262
,,0,50.83334,0.3462591,1.097027,0.1814785,226.366
,,0,51.27778,0.3464105,1.097027,0.1815712,226.417
,,0,51.72223,0.3469589,1.097484,0.1813353,226.3906
,,0,52.16667,0.3473944,1.09738,0.1815579,226.4121
,,0,52.61111,0.3477165,1.097733,0.1811157,226.3226
,,0,53.05556,0.3485007,1.098161,0.1823773,226.1734
,,0,53.5,0.3470427,1.097673,0.1821873,226.4303
,,0,53.94445,0.3469724,1.097608,0.1821625,226.4149
,,0,54.38889,0.346611,1.097227,0.1823283,226.4715
,,0,54.83334,0.3400528,1.093614,0.1855693,236.2926
,,0,55.27778,0.1850173,1.087025,0.3061936,261.1685
,,0,55.72223,-0.07395881,1.087196,0.58395,267.771
,,0,56.16667,-0.2879501,1.08614,0.8881655,267.132
,,0,56.61111,-0.4917322,1.087859,1.185341,264.9326
,,0,57.05556,-0.7189298,1.089281,1.464477,261.3567
,,0,57.5,-0.9678692,1.090238,1.709162,258.3697
,,0,57.94445,-1.132568,1.090242,1.837599,253.9173
,,0,58.38889,-1.128054,1.089199,1.8246,242.2372
,,0,58.83334,-1.121001,1.091877,1.814447,232.2273
,,0,59.27778,-1.078743,1.10607,1.800572,175.6355
,,0,59.72223,-1.039005,1.103474,1.822274,137.0143
,,0,60.16667,-1.050088,1.103614,1.819922,143.2742
,,0,60.61111,-1.060461,1.102443,1.815235,147.4752
,,0,61.05556,-1.062422,1.101482,1.816123,149.0054
,,0,61.5,-1.065694,1.101226,1.818334,151.5694
,,0,61.94445,-1.0324,1.101089,1.798149,152.5588
,,0,62.38889,-0.7540077,1.101164,1.620323,156.5737
,,0,62.83334,-0.4902737,1.102861,1.432145,160.6974
,,0,63.27778,-0.2306895,1.105032,1.222241,169.4854
,,0,63.72223,-0.01717019,1.106133,0.998552,180.2548
,,0,64.16667,0.1069241,1.107149,0.7721984,191.3061
,,0,64.61111,0.1025055,1.107212,0.5570757,190.7209
,,0,65.05556,0.1136358,1.108335,0.5403007,189.5056
,,0,65.5,0.1100492,1.107109,0.5394491,191.0261
,,0,65.94444,0.1295879,1.10729,0.432634,190.8733
,,0,66.38889,0.1384914,1.109973,0.4324173,192.3936
,,0,66.83334,0.1850445,1.112263,0.4302745,196.732
,,0,67.27778,0.1847445,1.112007,0.4331325,196.6231
,,0,67.72222,0.1841695,1.112067,0.432614,196.9529
,,0,68.16667,0.1821463,1.111654,0.4326202,197.8821
,,0,68.61111,0.1819255,1.112001,0.4326407,197.471
,,0,69.05556,0.1815331,1.111675,0.4327521,197.5469
,,0,69.5,0.1810412,1.111448,0.4327596,198.0237
,,0,69.94444,0.1805453,1.111641,0.4326098,197.9906
,,0,70.38889,0.1807146,1.111376,0.4332002,197.9238
,,0,70.83334,0.1809313,1.111482,0.4331032,198.0094
,,0,71.27778,0.1799797,1.111352,0.4331409,198.1895
,,0,71.72222,0.1793218,1.111195,0.4336282,198.4418
,,0,72.16667,0.1779214,1.110717,0.4340814,198.7108
,,0,72.61111,0.1770387,1.110541,0.4342114,199.058
,,0,73.05556,0.1774771,1.110537,0.4343015,199.0601
,,0,73.5,0.1778009,1.110525,0.4344406,199.2239
,,0,73.94444,0.175801,1.110308,0.4340806,201.0602
,,0,74.38889,0.1522315,1.105519,0.4327627,212.4131
,,0,74.83334,0.1479857,1.104464,0.4329258,212.3963
,,0,75.27778,0.1415694,1.102815,0.4335099,212.9673
,,0,75.72222,0.1334558,1.100188,0.4357079,213.9507
,,0,76.16667,0.1321359,1.098752,0.4388696,212.4215
,,0,76.61111,0.1253202,1.097065,0.4392666,212.9623
,,0,77.05556,0.1279762,1.099537,0.4358684,211.4569
,,0,77.5,0.1269908,1.09877,0.4367214,211.9447
,,0,77.94444,0.1267507,1.098641,0.4367602,212.0498
,,0,78.38889,0.1268063,1.098646,0.437039,211.9785
,,0,78.83334,0.1265181,1.098301,0.4372998,212.1218
,,0,79.27778,0.1263049,1.098067,0.4372422,212.1752
,,0,79.72222,0.1262491,1.097846,0.4372404,212.3052
,,0,80.16667,0.1259415,1.097925,0.4369613,212.284
,,0,80.61111,0.1256524,1.097468,0.4372499,212.3199
,,0,81.05556,0.1256744,1.097403,0.4374185,212.3143
,,0,81.5,0.1254094,1.097505,0.4371425,212.3805
,,0,81.94444,0.1256926,1.097581,0.4371363,212.3083
,,0,82.38889,0.1256561,1.097536,0.4371217,212.2792
,,0,82.83334,0.125592,1.097344,0.4372917,212.3262
,,0,83.27778,0.1249597,1.097012,0.4370517,212.3817
,,0,83.72222,0.1240107,1.096218,0.4387126,212.3579
,,0,84.16667,0.1248455,1.097038,0.4423074,207.3249
,,0,84.61111,0.1621356,1.1031,0.4549121,155.693
,,0,85.05556,0.2019993,1.091094,0.4654233,124.1854
,,0,85.5,0.1045649,1.102229,0.4540538,206.2898
,,0,85.94444,0.05673212,1.080966,0.4995812,271.6823
,,0,86.38889,0.03255576,1.069923,0.5471799,293.8622
,,0,86.83334,-0.004108071,1.055355,0.449612,250.7563
,,0,87.27778,0.002700329,1.078702,0.3530596,219.8183
,,0,87.72222,-0.04065883,1.087948,0.2497206,197.1886
,,0,88.16667,-0.03630662,1.10739,0.2294005,180.9435
,,0,88.61111,0.09917891,1.18538,0.4061552,150.0236
,,0,89.05556,0.1961675,1.200219,0.4641441,96.89713
,,0,89.5,0.2079945,1.198919,0.5024252,57.33961
,,0,89.94445,0.1543831,1.200553,0.5496656,22.82232
,,0,90.38889,0.1759801,1.228134,0.4755864,99.00931
,,0,90.83334,0.0619964,1.213177,0.4224228,228.0425
,,0,91.27778,0.05259156,1.197033,0.501134,307.3011
,,0,91.72222,0.08478045,1.198244,0.5127057,326.0278
,,0,92.16667,0.03110266,1.200889,0.4472438,271.1643
,,0,92.61111,0.05026537,1.20141,0.397454,208.1559
,,0,93.05556,0.07639432,1.206698,0.405745,196.1587
,,0,93.5,0.1020324,1.255821,0.4643462,219.1537
,,0,93.94445,0.1450609,1.250411,0.4906805,196.3645
,,0,94.38889,0.1634175,1.248944,0.4963465,175.6813
,,0,94.83334,0.1434174,1.247479,0.4963802,194.4126
,,0,95.27778,0.1097083,1.245621,0.4944352,215.4906
,,0,95.72222,0.09831607,1.242446,0.4876801,211.9371
,,0,96.16667,0.1040293,1.236307,0.4739408,206.6789
,,0,96.61111,0.1182797,1.242218,0.4733863,196.0099
,,0,97.05556,0.1318986,1.245743,0.4816878,183.8453
,,0,97.5,0.1422105,1.244569,0.4844963,174.6129
,,0,97.94445,0.125549,1.241955,0.4808762,180.1247
,,0,98.38889,0.103394,1.243163,0.5095939,182.1406
,,0,98.83334,0.09165287,1.247683,0.5420173,180.758
,,0,99.27778,0.08959043,1.248695,0.5494672,176.3639
,,0,99.72222,0.09597397,1.249734,0.5508726,172.4016
,,0,100.1667,0.09522748,1.249448,0.5498465,174.0812
,,0,100.6111,0.0909431,1.248703,0.5502822,176.2182
,,0,101.0556,0.09091508,1.246045,0.5453815,177.1766
,,0,101.5,0.09028625,1.239743,0.5359743,178.0934
,,0,101.9445,0.08882546,1.234375,0.5245861,179.2647
,,0,102.3889,0.08829343,1.230242,0.5196415,179.9275
,,0,102.8333,0.08736062,1.228211,0.5173238,181.4505
,,0,103.2778,0.08680379,1.227412,0.5168577,182.2811
,,0,103.7222,0.08848333,1.227415,0.5167701,182.1257
,,0,104.1667,0.08958316,1.227451,0.5166124,182.0835
,,0,104.6111,0.09068239,1.228086,0.5171638,182.2774
,,0,105.0556,0.09050584,1.22819,0.5171384,182.675
,,0,105.5,0.08970594,1.227876,0.5165191,183.402
,,0,105.9445,0.08880877,1.227396,0.5164397,184.5284
,,0,106.3889,0.08818376,1.226458,0.5141919,184.5742
,,0,106.8333,0.08828187,1.225941,0.5142657,184.4006
,,0,107.2778,0.0887711,1.225592,0.5135517,184.1268
,,0,107.7222,0.08755493,1.22506,0.5129015,184.3532
,,0,108.1667,0.08762169,1.219655,0.5089046,187.3682
,,0,108.6111,0.0934341,1.219323,0.5065,183.0099
,,0,109.0556,0.4866429,1.218998,0.3992702,162.5372
,,0,109.5,0.8652309,1.220709,0.3041609,160.6207
,,0,109.9445,1.167714,1.220476,0.1851048,163.426
Participant ID,gender,Level,Time,PosX,PosY,PosZ,Facing Angle
,,0,16.03333,0.4256144,1.185741,-0.2062732,93.8806
,,0,16.47778,0.3991622,1.174253,-0.1148034,41.22357
,,0,16.92222,0.3984686,1.186003,-0.1340847,41.04202
,,0,17.36667,0.4147762,1.100512,-0.3255367,165.144
,,0,17.81111,0.319402,1.07936,-0.3178477,247.2496
,,0,18.25556,0.30597,1.113454,-0.186725,300.0516
,,0,18.7,0.4321957,1.206141,-0.2190231,304.2167
,,0,19.14445,0.487725,1.19659,-0.234755,293.9679
,,0,19.58889,0.5066265,1.133551,-0.1609954,287.1355
,,0,20.03333,0.5269003,1.117068,-0.1818328,291.1848
,,0,20.47778,0.7118869,1.12287,-0.3279075,296.8328
,,0,20.92222,0.8659334,1.130298,-0.4576219,300.08
,,0,21.36667,0.9186637,1.123452,-0.5049493,295.0544
,,0,21.81111,0.9726463,1.118133,-0.5623528,301.8331
,,0,22.25556,0.9778915,1.123188,-0.5654819,300.8217
,,0,22.7,0.9922162,1.167583,-0.5944413,300.2934
,,0,23.14445,1.023651,1.185126,-0.6131943,302.4636
,,0,23.58889,1.038643,1.187999,-0.6051968,313.519
,,0,24.03333,1.020056,1.162382,-0.593572,306.7297
,,0,24.47778,1.019138,1.180492,-0.6024768,299.4122
,,0,24.92222,1.021632,1.177597,-0.5995219,292.7744
,,0,25.36667,1.023285,1.157843,-0.5743687,306.5293
,,0,25.81111,1.013183,1.176557,-0.5793459,301.3669
,,0,26.25556,1.023076,1.196348,-0.5935357,296.9008
,,0,26.7,1.033477,1.181254,-0.5771555,312.0202
,,0,27.14445,1.004015,1.162197,-0.5853209,300.6394
,,0,27.58889,1.001592,1.150809,-0.5769836,306.786
,,0,28.03333,1.001491,1.180866,-0.5932221,300.3338
,,0,28.47778,1.011647,1.191607,-0.6055723,299.577
,,0,28.92222,1.012738,1.181052,-0.5988911,302.6912
,,0,29.36667,0.9959983,1.162718,-0.5902025,301.5144
,,0,29.81111,1.009151,1.174,-0.6035828,299.3534
,,0,30.25556,1.042082,1.16835,-0.6223933,298.592
,,0,30.7,1.234047,1.158429,-0.8239114,303.291
,,0,31.14445,1.50536,1.1625,-1.049515,303.5025
,,0,31.58889,1.502565,1.178398,-1.05291,303.5335
,,0,32.03333,1.505055,1.193099,-1.051917,304.7983
,,0,32.47778,1.503038,1.196759,-1.058818,301.3087
,,0,32.92222,1.509411,1.203794,-1.076549,296.2976
,,0,33.36667,1.446702,1.219631,-1.089095,266.2432
,,0,33.81111,1.467883,1.270201,-1.238524,205.3231
,,0,34.25556,1.605167,1.162868,-1.274963,143.1967
,,0,34.7,1.754363,0.8841571,-1.426563,97.51543
,,0,35.14444,1.765761,0.8194661,-1.457528,85.78614
,,0,35.58889,1.768801,0.8064702,-1.471879,86.29031
Participant ID,gender,Level,Time,PosX,PosY,PosZ,Facing Angle
,,-1,8.144444,0.4133344,1.215331,-0.1771929,186.8261
,,-1,8.588889,0.3591199,1.222953,-0.1202526,258.1593
,,-1,9.033334,0.3851302,1.250366,-0.130109,264.4268
,,-1,9.477778,0.4233959,1.2591,-0.1610701,221.0562
,,-1,9.922222,0.4326718,1.266742,-0.1347494,204.1578
,,-1,10.36667,0.442677,1.266136,-0.1039325,201.6025
,,-1,10.81111,0.4513447,1.268044,-0.08138108,200.831
,,-1,11.25556,0.4287665,1.262957,-0.04791331,229.3816
,,-1,11.7,0.4119201,1.258632,-0.04615444,235.5643
,,-1,12.14444,0.5061591,1.253749,0.08294642,231.308
,,-1,12.58889,0.4405673,1.235792,0.2203149,222.7867
,,-1,13.03333,0.3876653,1.249978,0.2188632,205.5738
,,-1,13.47778,0.3844168,1.25914,0.2430413,202.6701
,,-1,13.92222,0.3864373,1.259958,0.2559323,204.2104
,,-1,14.36667,0.4574552,1.257866,0.2519308,198.6859
,,-1,14.81111,0.5283525,1.256046,0.02849549,195.2523
,,-1,15.25556,0.5645168,1.254707,-0.1378123,196.4642
,,-1,15.7,0.5229697,1.249482,-0.1874037,205.9003
,,-1,16.14445,0.453616,1.2464,-0.2342727,209.163
,,-1,16.58889,0.4434981,1.246436,-0.2245271,212.488
,,-1,17.03333,0.4267988,1.244856,-0.2308678,218.5718
,,-1,17.47778,0.1672407,1.244061,-0.297302,218.557
,,-1,17.92222,0.1480992,1.244814,-0.317207,216.5521
,,-1,18.36667,0.1385353,1.227946,-0.3334544,217.4439
,,-1,18.81111,0.1229719,1.238178,-0.320929,249.3007
,,-1,19.25556,0.1574674,1.247315,-0.3602657,169.792
,,-1,19.7,0.2269757,1.234132,-0.293063,81.9056
,,-1,20.14445,0.3417854,1.235309,-0.2631354,83.19463
,,-1,20.58889,0.6113219,1.233951,-0.1985162,95.91624
,,-1,21.03333,0.8754727,1.232665,-0.08325624,106.3986
,,-1,21.47778,1.152617,1.233683,0.02925372,107.9808
,,-1,21.92222,1.442219,1.244483,0.1263527,114.2446
,,0,30.91111,0.4394388,1.247162,0.19945,201.7722
,,0,31.35556,0.4839987,1.252996,0.2164343,147.4673
,,0,31.8,0.5110806,1.240096,0.2406805,100.5299
,,0,32.24445,0.4938837,1.232828,0.2611126,68.29287
,,0,32.68889,0.4290524,1.235671,0.2934384,36.04531
,,0,33.13334,0.3893862,1.240417,0.2909263,11.99806
,,0,33.57778,0.3736951,1.266591,0.2047577,7.503573
,,0,34.02222,0.3528475,1.265999,0.1421063,18.099
,,0,34.46667,0.4401037,1.223388,0.1647286,60.81931
,,0,34.91111,0.52831,1.137382,0.1656898,124.3854
,,0,35.35556,0.5217423,1.173525,0.1545376,171.8087
,,0,35.8,0.4974208,1.258846,0.1603714,207.5003
,,0,36.24445,0.5399876,1.26439,0.01710343,243.9818
,,0,36.68889,0.5665067,1.25047,-0.2523669,277.9791
,,0,37.13334,0.4948301,1.242002,-0.3790391,294.7858
,,0,37.57778,0.3709324,1.237788,-0.658108,307.5712
,,0,38.02222,0.2907583,1.220467,-1.013355,325.9303
,,0,38.46667,0.2651756,1.184186,-1.035631,331.9887
,,0,38.91111,0.2517195,1.226535,-1.062478,336.3839
,,0,39.35556,0.2503822,1.236304,-1.093742,334.5895
,,0,39.8,0.2632428,1.236624,-1.089579,335.0847
,,0,40.24445,0.2630795,1.232331,-1.078497,335.5102
,,0,40.68889,0.245202,1.232406,-1.026632,333.9814
,,0,41.13334,0.2150508,1.237635,-0.81493,334.7946
,,0,41.57778,0.2214771,1.236748,-0.8152217,336.0931
,,0,42.02222,0.2202066,1.233279,-0.7926331,335.4442
,,0,42.46667,0.1964346,1.233346,-0.5647919,332.1996
,,0,42.91111,0.1976826,1.240312,-0.4898722,332.8654
,,0,43.35556,0.2131653,1.239353,-0.4968882,340.8951
,,0,43.8,0.201751,1.236903,-0.7438,333.8041
,,0,44.24445,0.2049814,1.236451,-0.7322216,339.3492
,,0,44.68889,0.2082155,1.234418,-0.7308047,342.2025
,,0,45.13334,0.193397,1.23224,-0.7346492,332.895
,,0,45.57778,0.1945298,1.230371,-0.6974709,334.6667
,,0,46.02222,0.2014813,1.23,-0.5198305,334.5574
,,0,46.46667,0.219925,1.232331,-0.3128179,329.3671
,,0,46.91111,0.2417839,1.235549,-0.1202999,318.2423
,,0,47.35556,0.279835,1.246509,-0.02147865,297.8578
,,0,47.8,0.280041,1.24864,-0.002748013,282.9528
,,0,48.24445,0.2905576,1.248221,0.08259714,276.8824
Participant ID,gender,Level,Time,PosX,PosY,PosZ,Facing Angle
,,-1,6.622222,0.4341554,1.211335,-0.1710904,173.5879
,,-1,7.066667,0.5039255,1.229486,-0.1470783,123.2591
,,-1,7.511111,0.4706323,1.261272,-0.123809,153.8412
,,-1,7.955556,0.4400094,1.269529,-0.06665307,202.0479
,,-1,8.400001,0.427074,1.264881,-0.04055458,228.1019
,,-1,8.844444,0.4494496,1.260795,-0.06174046,237.9183
,,-1,9.288889,0.5161857,1.258933,-0.03085339,233.2108
,,-1,9.733334,0.6187828,1.253472,0.07442045,229.2304
,,-1,10.17778,0.6216752,1.252782,0.07747698,235.21
,,-1,10.62222,0.4232001,1.255399,-0.005832374,231.4913
,,-1,11.06667,0.2831594,1.258855,-0.06456381,189.8665
,,-1,11.51111,0.314696,1.254081,-0.08276594,171.9696
,,-1,11.95556,0.2919146,1.253827,-0.08932507,184.8306
,,-1,12.4,0.2259053,1.246954,-0.09246624,205.5736
,,-1,12.84445,0.183422,1.254181,-0.1043437,200.6539
,,-1,13.28889,0.1972395,1.263685,-0.09016871,195.7419
,,-1,13.73333,0.243232,1.256744,-0.02156436,200.8045
,,-1,14.17778,0.2907326,1.251365,0.3156655,196.6157
,,-1,14.62222,0.2775779,1.243761,0.4493604,184.589
,,-1,15.06667,0.2747331,1.245618,0.4527086,181.088
,,-1,15.51111,0.2653131,1.244015,0.4535686,182.3498
,,-1,15.95556,0.2617696,1.246449,0.4507135,178.6506
,,-1,16.4,0.2462527,1.252419,0.4592636,189.7914
,,-1,16.84444,0.2370256,1.254456,0.4639224,194.9684
,,-1,17.28889,0.2301208,1.251707,0.4564605,193.049
,,-1,17.73333,0.2227282,1.250606,0.4514649,191.3273
,,-1,18.17778,0.2296084,1.250175,0.4455166,180.7034
,,-1,18.62222,0.4083723,1.241148,0.4984524,88.99451
,,-1,19.06667,0.6271106,1.238414,0.5137968,106.5275
,,-1,19.51111,0.8816796,1.234295,0.3980145,111.3515
,,-1,19.95556,1.141872,1.238606,0.2865451,110.9263
,,-1,20.4,1.368663,1.242417,0.21687,110.0802
,,0,28.97778,0.506001,1.241839,-0.211915,182.3189
,,0,29.42222,0.5161438,1.218408,-0.2190298,165.5885
,,0,29.86667,0.4500563,1.214943,-0.2272006,225.2513
,,0,30.31111,0.4196266,1.217599,-0.1756016,281.4532
,,0,30.75556,0.4342327,1.240048,-0.1840711,293.7388
,,0,31.2,0.4436101,1.244931,-0.2127095,294.2314
,,0,31.64445,0.4269807,1.232324,-0.2585872,294.3728
,,0,32.08889,0.3179353,1.233789,-0.5145364,304.3917
,,0,32.53333,0.2246338,1.238142,-0.6513307,338.4277
,,0,32.97778,0.2124342,1.240877,-0.6592005,337.4263
,,0,33.42222,0.2182361,1.241179,-0.6766987,340.6851
,,0,33.86667,0.2144479,1.242814,-0.6883141,330.4336
,,0,34.31111,0.2195967,1.243024,-0.6920918,333.9832
,,0,34.75556,0.219201,1.244217,-0.6929106,338.8389
,,0,35.2,0.2064077,1.244236,-0.6813147,334.0165
,,0,35.64444,0.2058124,1.246707,-0.6648053,334.061
,,0,36.08889,0.2127272,1.247957,-0.6487951,340.5884
,,0,36.53333,0.2040265,1.247544,-0.6596128,331.2042
,,0,36.97778,0.2053128,1.244578,-0.6607301,331.9238
,,0,37.42222,0.2219679,1.244185,-0.6571394,339.493
,,0,37.86667,0.2233402,1.245673,-0.6596469,340.5674
,,0,38.31111,0.2199365,1.245743,-0.6664838,334.5895
,,0,38.75556,0.2204487,1.245515,-0.6705412,334.4148
,,0,39.2,0.2233271,1.245243,-0.6680707,336.2238
,,0,39.64444,0.2202337,1.244837,-0.6618268,335.5027
,,0,40.08889,0.2164506,1.243607,-0.6606948,332.0901
,,0,40.53333,0.2294844,1.246296,-0.6614677,333.8355
,,0,40.97778,0.2352018,1.245026,-0.6581329,335.2154
,,0,41.42222,0.2283089,1.242565,-0.6543437,333.0835
,,0,41.86667,0.2278804,1.24193,-0.6553009,332.703
,,0,42.31111,0.2278211,1.242145,-0.6565557,332.5568
,,0,42.75556,0.2295403,1.241885,-0.6541089,332.8221
,,0,43.2,0.2289693,1.241489,-0.6540033,332.7523
,,0,43.64445,0.2304429,1.241279,-0.6541669,333.1653
,,0,44.08889,0.2346904,1.239666,-0.6499834,337.1411
,,0,44.53333,0.2261655,1.238693,-0.6474847,334.1262
,,0,44.97778,0.2253217,1.237501,-0.648496,334.0269
,,0,45.42222,0.2246429,1.235602,-0.6474266,334.7998
,,0,45.86667,0.1538523,1.234325,-0.517603,334.4364
,,0,46.31111,0.08659881,1.234567,-0.3712497,334.0839
,,0,46.75556,0.06826299,1.235562,-0.3197102,335.1117
,,0,47.2,0.07896298,1.234353,-0.3246763,340.3055
,,0,47.64445,0.08257598,1.23453,-0.3258221,344.4518
,,0,48.08889,0.08250171,1.23519,-0.3214763,349.2577
,,0,48.53333,0.06056112,1.233739,-0.3356645,333.8987
,,0,48.97778,0.06282061,1.232402,-0.3418764,334.7618
,,0,49.42222,0.06285232,1.231562,-0.3321174,335.0978
,,0,49.86667,0.05960625,1.231826,-0.3273428,332.9727
,,0,50.31111,0.05873257,1.231755,-0.3282844,331.6222
,,0,50.75556,0.05887717,1.230582,-0.3254245,330.5637
,,0,51.2,0.06045097,1.232067,-0.3203002,330.2913
,,0,51.64445,0.06052083,1.23072,-0.3161737,329.9056
,,0,52.08889,0.05868918,1.231341,-0.3135452,329.0862
,,0,52.53333,0.05930036,1.230479,-0.3108926,326.5491
,,0,52.97778,0.06112391,1.229759,-0.3093864,323.4789
,,0,53.42222,0.05968004,1.227469,-0.3037865,321.2384
,,0,53.86667,0.06172556,1.226727,-0.3003803,322.0787
,,0,54.31111,0.06409651,1.226235,-0.2984579,322.6551
,,0,54.75556,0.06394809,1.225506,-0.2973701,323.9945
,,0,55.2,0.06409639,1.225611,-0.2962948,324.4598
,,0,55.64445,0.06345636,1.225297,-0.2967116,324.2335
,,0,56.08889,0.06311446,1.225673,-0.2976168,324.3064
,,0,56.53333,0.063209,1.225391,-0.2981278,324.3077
,,0,56.97778,0.06323773,1.225183,-0.2986811,324.122
,,0,57.42222,0.06338471,1.225563,-0.2986441,324.1577
,,0,57.86667,0.06344599,1.225389,-0.2991036,324.0573
,,0,58.31111,0.06334108,1.224688,-0.2987159,324.0506
,,0,58.75556,0.06251258,1.220699,-0.2965478,324.13
,,0,59.2,0.06254023,1.217684,-0.2927382,324.2483
,,0,59.64445,0.06126815,1.218425,-0.2931929,324.3903
,,0,60.08889,0.06014508,1.217811,-0.2939654,324.7416
,,0,60.53334,0.0616383,1.21686,-0.2889966,327.8701
,,0,60.97778,-0.003273726,1.21263,-0.1464041,340.8148
,,0,61.42222,0.1596652,1.205883,0.1510892,350.9284
,,0,61.86667,0.3899545,1.206356,0.4380811,350.6281
,,0,62.31111,0.6212015,1.208669,0.7189702,348.2198
,,0,62.75556,0.8474936,1.210952,1.000762,345.3036
,,0,63.2,0.9558352,1.215764,1.173554,339.3339
,,0,63.64445,0.9530703,1.222033,1.16513,332.6302
,,0,64.08889,0.9516913,1.224476,1.163602,329.8169
,,0,64.53333,0.942345,1.222561,1.162522,324.3236
,,0,64.97778,0.9257704,1.221171,1.154587,305.5749
,,0,65.42223,0.9368714,1.228687,1.0686,223.8994
,,0,65.86667,0.9423212,1.232932,1.083219,218.4525
,,0,66.72222,0.9554127,1.200625,1.095947,222.09
,,0,67.16667,0.9690136,1.233696,1.114604,222.5221
,,0,67.61111,0.9688107,1.237937,1.130098,221.1171
,,0,68.05556,0.9709581,1.242524,1.138111,220.9407
,,0,68.5,0.9652131,1.241104,1.145311,219.3312
,,0,68.94444,0.9547549,1.239452,1.161052,221.9828
,,0,69.38889,0.9506583,1.237752,1.16481,222.7764
,,0,69.83334,0.9485624,1.230876,1.15963,221.8692
,,0,70.27778,0.9468869,1.223375,1.146663,220.0615
,,0,70.72222,0.9173518,1.224508,0.8848757,223.6455
,,0,71.16667,0.8790513,1.228272,0.5689912,237.9527
,,0,71.61111,0.8048956,1.233966,0.2306054,260.5305
,,0,72.05556,0.6747293,1.243459,-0.09723091,283.1789
,,0,72.5,0.4663993,1.246936,-0.2866019,298.3525
,,0,72.94444,0.3044586,1.243327,-0.3015397,311.9221
,,0,73.38889,0.2988273,1.238188,-0.2973124,315.6543
,,0,73.83334,0.2956032,1.238477,-0.2868556,314.9988
,,0,74.27778,0.2991545,1.23522,-0.2723629,314.354
,,0,74.72222,0.2996678,1.228697,-0.2429572,311.1874
,,0,75.16667,0.3009217,1.223335,-0.2187423,306.373
,,0,75.61111,0.299922,1.22038,-0.2106663,305.5152
,,0,76.05556,0.3040957,1.221731,-0.2155397,305.3552
,,0,76.5,0.3046036,1.221568,-0.2141982,305.2407
,,0,76.94444,0.3055136,1.222029,-0.2158867,304.7545
,,0,77.38889,0.3056067,1.222094,-0.2171431,304.5479
,,0,77.83334,0.3062322,1.222192,-0.216884,304.3575
,,0,78.27778,0.3060035,1.221847,-0.2171507,304.3199
,,0,78.72222,0.3061435,1.221917,-0.2176657,304.3472
,,0,79.16667,0.3064551,1.221729,-0.2177345,304.2826
,,0,79.61111,0.3059678,1.22147,-0.2173853,304.4564
,,0,80.05556,0.3059572,1.221293,-0.2171831,304.392
,,0,80.5,0.3060622,1.221737,-0.218137,304.2458
,,0,80.94444,0.3063011,1.221838,-0.2187214,304.2162
,,0,81.38889,0.3064795,1.221651,-0.2185103,304.2133
,,0,81.83334,0.3065305,1.221596,-0.2189362,304.2204
,,0,82.27778,0.3068857,1.222034,-0.2197156,304.164
,,0,82.72222,0.3069103,1.221885,-0.2196855,304.1511
,,0,83.16667,0.3066809,1.221634,-0.2193842,304.2169
,,0,83.61111,0.3071191,1.2218,-0.219865,304.1604
,,0,84.05556,0.3067999,1.221803,-0.2201479,304.1217
,,0,84.5,0.2283018,1.219911,-0.1289099,306.7068
,,0,84.94444,0.1859215,1.217688,0.1193869,322.222
,,0,85.38889,0.2096425,1.216273,0.4041613,328.1702
,,0,85.83334,0.2252281,1.215253,0.6990614,328.0734
,,0,86.27778,0.2355962,1.215091,0.9856614,327.003
,,0,86.72222,0.2449985,1.215565,1.273436,325.7883
,,0,87.16667,0.2494423,1.216853,1.538935,322.9211
,,0,87.61111,0.2423381,1.22159,1.671553,315.1969
,,0,88.05556,0.2351855,1.234292,1.616822,256.3285
,,0,88.5,0.2913903,1.233174,1.581875,192.4881
,,0,88.94445,0.2777418,1.232449,1.605238,193.0011
,,0,89.38889,0.2789437,1.217688,1.434616,194.1888
,,0,89.83334,0.291383,1.225248,1.35708,195.2995
,,0,90.27778,0.3801494,1.2317,1.237894,200.8559
,,0,90.9,0.5872999,1.235013,0.8745078,216.3087
,,0,91.34444,0.6085809,1.265945,0.770118,182.7799
,,0,91.78889,0.7756494,1.168477,0.6308869,139.2967
,,0,92.23334,0.9858639,0.9445944,0.5033503,106.2484
,,0,92.67778,1.009223,0.8598815,0.4460967,96.03872
,,0,93.12222,0.9968218,0.8286659,0.4240805,96.62942
,,0,93.56667,0.992529,0.807408,0.4202861,105.185
,,0,94.01112,0.9926255,0.7955557,0.4236658,108.4457
,,0,94.45556,0.9916641,0.7934663,0.4232464,108.4696
,,0,94.9,0.9914061,0.7931059,0.4231684,108.4812
,,0,95.34444,0.9915753,0.7932819,0.4233054,108.4827
,,0,95.78889,0.9918028,0.793321,0.4234579,108.4854
Participant ID,gender,Level,Time,PosX,PosY,PosZ,Facing Angle
,,0,6.233334,0.3750794,1.145558,-0.9417728,206.4128
,,0,6.677778,0.3746201,1.145366,-0.8909445,262.6693
,,0,7.122222,0.3718568,1.17859,-0.8028538,285.9945
,,0,7.566667,0.4245546,1.183744,-0.6807734,298.0052
,,0,8.011111,0.52467,1.185857,-0.3715752,291.9728
,,0,8.455556,0.5229423,1.184846,-0.3845349,286.9725
,,0,8.900001,0.5245087,1.19052,-0.3952535,281.4834
,,0,9.344444,0.5105028,1.180699,-0.4156184,268.0423
,,0,9.788889,0.514405,1.174273,-0.4515092,255.411
,,0,10.23333,0.5155723,1.15496,-0.4791401,248.3787
,,0,10.67778,0.5149612,1.143569,-0.5013564,248.5372
,,0,11.12222,0.509614,1.137461,-0.5129774,251.667
,,0,11.56667,0.5170705,1.138338,-0.5175088,248.9425
,,0,12.01111,0.5337524,1.140874,-0.5188639,247.0116
,,0,12.45556,0.5447524,1.142439,-0.5261038,245.7726
,,0,12.9,0.5299826,1.136768,-0.5142534,250.5771
,,0,13.34445,0.5184414,1.132286,-0.5039635,252.5189
,,0,13.78889,0.5089924,1.12503,-0.4845396,250.4942
,,0,14.23333,0.5083982,1.126094,-0.4876838,250.0324
,,0,14.67778,0.5222998,1.142082,-0.5124617,246.618
,,0,15.12222,0.5429053,1.147999,-0.5352407,241.6794
,,0,15.56667,0.5482785,1.150203,-0.5347108,240.6073
,,0,16.01111,0.5463829,1.150569,-0.5333636,240.3308
,,0,16.45556,0.5458629,1.150623,-0.5319765,240.2427
,,0,16.9,0.5447237,1.149704,-0.5309442,240.8947
,,0,17.34444,0.5385942,1.147638,-0.5260298,244.1978
,,0,17.78889,0.4531049,1.147177,-0.5075119,264.0028
,,0,18.23333,0.3385472,1.168995,-0.1617897,289.1289
,,0,18.67778,0.3206277,1.179851,0.2262315,293.6888
,,0,19.12222,0.4163631,1.208437,0.5051426,245.8957
,,0,19.56667,0.4783947,1.208999,0.4934357,169.3909
,,0,20.01111,0.424853,1.196437,0.4927419,215.0935
,,0,20.45556,0.2101607,1.181977,0.7860863,256.3197
,,0,20.9,0.1052896,1.183849,1.149871,247.2166
,,0,21.34444,0.1307169,1.202844,1.110729,212.4707
,,0,21.78889,0.153627,1.202795,1.097145,193.625
,,0,22.23333,0.1528715,1.1686,1.068521,192.1954
,,0,22.67778,0.1554866,1.154935,1.058123,192.774
,,0,23.12222,0.1640849,1.161421,1.059355,191.2394
,,0,23.56667,0.1771303,1.184744,1.06167,187.2672
,,0,24.14445,0.1779584,1.191473,1.083477,188.9018
,,0,24.58889,0.1749719,1.172152,1.060384,187.494
,,0,25.03333,0.3815306,1.201274,0.9455817,125.7333
,,0,25.47778,0.5764838,0.9632156,0.7682378,111.516
,,0,25.92222,0.5915092,0.8585333,0.6913855,103.7256
,,0,26.36667,0.5758386,0.8277737,0.6852531,104.5552
,,0,26.81111,0.5811499,0.8174537,0.6861591,113.1226
,,0,27.25556,0.5971431,0.8354064,0.6954384,120.9896
,,0,27.7,0.5929954,0.8189906,0.6896379,127.1613
,,0,28.14445,0.5887829,0.7961743,0.6902264,132.2695
,,0,28.58889,0.5923141,0.7903337,0.6877484,134.6539
,,0,29.03333,0.5914372,0.7895424,0.6868899,134.6924
,,0,29.47778,0.5910921,0.7896203,0.686399,134.667
,,0,29.92222,0.5907837,0.7891514,0.6861624,134.6647
,,0,30.36667,0.5908614,0.7891008,0.6859926,134.6503
,,0,30.81111,0.5907725,0.7888243,0.6859674,134.6401
,,0,31.25556,0.5906124,0.7889144,0.6859028,134.6366
,,0,31.7,0.5903631,0.7886452,0.685845,134.6228
,,0,32.14444,0.5904325,0.7888012,0.685704,134.6221
,,0,32.58889,0.5904096,0.7889028,0.6857243,134.6235
,,0,33.03333,0.5905267,0.7888134,0.6857359,134.622
,,0,33.47778,0.5905386,0.7889675,0.6856337,134.6137
,,0,33.92222,0.5904983,0.788783,0.6856346,134.6226
,,0,34.36667,0.590417,0.7887878,0.6856346,134.6113
,,0,34.81111,0.5904983,0.7889923,0.6855767,134.6127
,,0,35.25556,0.5902425,0.7888533,0.6855311,134.6135
,,0,35.7,0.590552,0.7890645,0.6856456,134.613
,,0,36.14444,0.5905029,0.788727,0.6855421,134.6222
,,0,36.58889,0.5903726,0.7888404,0.6855196,134.6169
,,0,37.03333,0.5903993,0.7889594,0.6855128,134.6073
,,0,37.47778,0.5903642,0.7889164,0.6856017,134.6184
,,0,37.92222,0.5903716,0.7890218,0.685555,134.6087
,,0,38.36667,0.5903082,0.7886207,0.6855226,134.6164
,,0,38.81111,0.5903602,0.7887343,0.6855681,134.6193
,,0,39.25556,0.5904578,0.7888018,0.6856232,134.6243
,,0,39.7,0.5903925,0.7886983,0.6855862,134.6118
,,0,40.14444,0.5902735,0.7890425,0.6855905,134.614
,,0,40.58889,0.5904657,0.788924,0.6855516,134.6201
,,0,41.03333,0.5902926,0.7887385,0.6855483,134.6125
,,0,41.47778,0.5902864,0.788947,0.6854366,134.6089
,,0,41.92222,0.5902797,0.7887745,0.6855286,134.609
,,0,42.36667,0.5903472,0.7888102,0.6854525,134.6016
,,0,42.81111,0.5904353,0.7888263,0.6854477,134.5949
,,0,43.25556,0.5903878,0.7887441,0.6853719,134.614
,,0,43.7,0.5902575,0.7887508,0.6855032,134.6063
,,0,44.14445,0.5903479,0.7888643,0.6856098,134.6009
,,0,44.58889,0.5903941,0.7889552,0.6855783,134.6089
,,0,45.03333,0.5903902,0.7891148,0.685559,134.6115
,,0,45.47778,0.590212,0.7889026,0.6853657,134.6111
,,0,45.92222,0.5904018,0.7888415,0.685408,134.6179
,,0,46.36667,0.5904046,0.7887232,0.6854436,134.6228
,,0,46.81111,0.5905104,0.7890111,0.6854799,134.6187
,,0,47.25556,0.5903318,0.7890384,0.6855297,134.6119
,,0,47.7,0.5904355,0.78905,0.685514,134.6152
,,0,48.14445,0.5902086,0.7888194,0.6855197,134.6107
,,0,48.58889,0.5904022,0.7887802,0.6854492,134.6149
,,0,49.03333,0.5903417,0.7887504,0.6855102,134.6113
,,0,49.47778,0.5903314,0.7888116,0.6853647,134.6038
,,0,49.92222,0.5903637,0.7887968,0.6854423,134.6122
,,0,50.36667,0.590209,0.7886684,0.6854858,134.613
,,0,50.81111,0.5903348,0.7888426,0.6855518,134.6179
,,0,51.25556,0.5903527,0.7891436,0.68554,134.6271
,,0,51.7,0.5903629,0.7889696,0.6853867,134.6131
,,0,52.14445,0.5903744,0.7890243,0.685472,134.6099
,,0,52.58889,0.5903565,0.7889261,0.6854837,134.6164
,,0,53.03333,0.5904633,0.7890849,0.6854582,134.6176
,,0,53.47778,0.5902513,0.7889042,0.6854039,134.6166
,,0,53.92222,0.5902535,0.7887893,0.6854148,134.5898
,,0,54.36667,0.5902659,0.788922,0.6853335,134.6051
,,0,54.81111,0.5903345,0.7886942,0.6853292,134.6194
Participant ID,gender,Level,Time,PosX,PosY,PosZ,Facing Angle
,,0,7.277778,1.054998,1.161054,-1.011087,278.6801
,,0,7.722222,1.06313,1.178877,-0.9884396,298.0154
,,0,8.166667,1.065342,1.17444,-0.9952762,298.8723
,,0,8.611112,0.7588206,1.169051,-0.8128763,297.5515
,,0,9.055555,0.5221185,1.166739,-0.5934585,296.4577
,,0,9.5,0.5221457,1.166042,-0.5981413,294.6238
,,0,9.944445,0.5193254,1.166923,-0.6028337,291.1965
,,0,10.38889,0.5221055,1.164052,-0.600209,287.7427
,,0,10.83333,0.5206504,1.164702,-0.6000606,286.8311
,,0,11.27778,0.5201929,1.16408,-0.5986816,286.2477
,,0,11.72222,0.5228414,1.163634,-0.59831,285.6662
,,0,12.16667,0.5221394,1.163274,-0.5994622,285.3976
,,0,12.61111,0.5243202,1.163378,-0.5982983,285.0228
,,0,13.05556,0.5228129,1.162791,-0.5988406,284.9101
,,0,13.5,0.5210095,1.162286,-0.598998,284.6797
,,0,13.94444,0.5215546,1.161745,-0.600373,284.5999
,,0,14.38889,0.5229545,1.161863,-0.6008223,284.4896
,,0,14.83333,0.5223604,1.160833,-0.6013021,284.3972
,,0,15.27778,0.5230063,1.1606,-0.601411,284.4011
,,0,15.72222,0.523869,1.160916,-0.6011305,284.6943
,,0,16.16667,0.5234554,1.160482,-0.6004088,284.6862
,,0,16.61111,0.7042363,1.160424,-0.2787441,284.6578
,,0,17.05556,0.8585483,1.15982,0.05492008,284.6277
,,0,17.5,0.8662502,1.159461,0.07177234,284.5503
,,0,17.94444,0.8655559,1.158455,0.07166064,284.5562
,,0,18.38889,0.9191549,1.157959,0.2217494,284.4695
,,0,18.83333,1.043457,1.156992,0.5749321,284.5331
,,0,19.27778,1.159209,1.156722,0.9206406,284.6599
,,0,19.72222,1.267854,1.155789,1.274801,284.9077
,,0,20.16667,1.336214,1.155363,1.566287,284.6434
,,0,20.61111,1.335793,1.155414,1.564614,283.9941
,,0,21.05556,1.337818,1.166333,1.53108,255.2636
,,0,21.5,1.364364,1.169592,1.494954,220.4845
,,0,21.94444,1.368941,1.16678,1.487864,222.5875
,,0,22.38889,1.279723,1.157583,1.277802,226.8058
,,0,22.83333,1.129899,1.14305,0.9285899,229.4831
,,0,23.27778,1.003137,1.166378,0.612147,242.0269
,,0,23.72222,0.8793553,1.171484,0.3559957,252.4236
,,0,24.16667,0.6991684,1.170256,0.1234474,263.0509
,,0,24.61111,0.4424587,1.169319,0.0424124,265.2664
,,0,25.05556,0.2140145,1.190437,0.1601976,258.8438
,,0,25.5,0.006075144,1.207175,0.470678,231.1084
,,0,25.94444,0.1396558,1.203025,0.7169897,218.2348
,,0,26.38889,0.2537842,1.193148,0.8363473,212.7099
,,0,26.83333,0.158978,1.194108,0.9861491,203.724
,,0,27.27778,0.1983746,1.191102,1.2332,194.3061
,,0,27.72222,0.1896539,1.183042,1.223163,192.3374
,,0,28.16667,0.1888264,1.184784,1.218761,179.7047
,,0,28.61111,0.1824799,1.186093,1.195992,187.7208
,,0,29.05556,0.2507989,1.168485,0.8903266,199.4478
,,0,29.5,0.3064894,1.118806,0.5340123,218.2631
,,0,29.94444,0.3600887,1.175371,0.1969485,258.1118
,,0,30.38889,0.317017,1.189925,-0.1450495,282.743
,,0,30.83333,0.1925461,1.198416,-0.28775,288.153
,,0,31.27778,0.1794721,1.198763,-0.3435382,288.4734
,,0,31.72222,0.2115645,1.191782,-0.3823535,306.7815
,,0,32.16667,0.219092,1.179214,-0.4117662,321.3369
,,0,32.61111,0.2121772,1.177496,-0.4170275,326.5019
,,0,33.05556,0.2167246,1.174553,-0.4108636,326.5004
,,0,33.5,0.2175801,1.173025,-0.4115722,329.3555
,,0,33.94445,0.2043675,1.171329,-0.4101561,324.3734
,,0,34.38889,0.2136202,1.169705,-0.4109024,327.3569
,,0,34.83334,0.2219501,1.167633,-0.399285,333.313
,,0,35.27778,0.2194538,1.170269,-0.3865876,331.714
,,0,35.72222,0.2005287,1.16849,-0.3863705,318.7231
,,0,36.16667,0.1962396,1.167273,-0.3813534,317.7628
,,0,36.61111,0.1972722,1.161553,-0.368884,312.9927
,,0,37.05556,0.1916835,1.164525,-0.3511811,305.3105
,,0,37.5,0.1826919,1.16144,-0.3331962,298.2726
,,0,37.94445,0.1624851,1.161783,-0.3128414,296.8658
,,0,38.38889,0.1456084,1.155939,-0.3036484,293.7838
,,0,38.83334,0.1390673,1.150746,-0.2926294,294.0591
,,0,39.27778,0.1418908,1.146786,-0.2878914,292.4292
,,0,39.72222,0.1394382,1.143818,-0.287308,292.2296
,,0,40.16667,0.1393229,1.145535,-0.28786,292.2523
,,0,40.61111,0.1390193,1.144816,-0.2886479,292.0029
,,0,41.05556,0.1261036,1.124301,-0.2850903,293.2599
,,0,41.5,0.1220593,1.120821,-0.2850176,292.8024
,,0,41.94445,0.1303636,1.146412,-0.2945713,289.8782
,,0,42.38889,0.1502384,1.167329,-0.3008405,285.8273
,,0,42.83334,0.1524334,1.168517,-0.3004271,284.8011
,,0,43.27778,0.1524025,1.167921,-0.2984754,284.028
,,0,43.72222,0.1511884,1.165896,-0.3004576,282.8989
,,0,44.16667,0.1470189,1.159197,-0.2991821,282.1071
,,0,44.61111,0.1377254,1.148055,-0.3006027,279.9577
,,0,45.05556,-0.01662004,1.155881,-0.3276942,269.5771
,,0,45.5,-0.1893562,1.151966,-0.3276402,264.249
,,0,45.94445,-0.3466924,1.153954,-0.3296798,264.655
,,0,46.38889,-0.5060434,1.171035,-0.332444,262.2877
,,0,46.83334,-0.6984499,1.174775,-0.3463794,259.358
,,0,47.27778,-0.9687781,1.175516,-0.4056252,253.33
,,0,47.72223,-1.249311,1.174251,-0.5726775,246.5174
,,0,48.16667,-1.459776,1.175459,-0.7810971,243.9718
,,0,48.61111,-1.530108,1.175996,-0.868649,244.5086
,,0,49.05556,-1.533315,1.174001,-0.8747211,243.5711
,,0,49.5,-1.54076,1.170797,-0.8682367,243.9593
,,0,49.94445,-1.543006,1.177778,-0.8796861,234.8585
,,0,50.38889,-1.49864,1.203167,-0.8929393,172.2987
,,0,50.83334,-1.444058,1.199835,-0.8423868,112.065
,,0,51.27778,-1.400352,1.183333,-0.7946711,79.31898
,,0,51.72223,-1.233618,1.17432,-0.7251474,69.88716
,,0,52.16667,-0.9525468,1.179576,-0.5827472,64.38505
,,0,52.61111,-0.7021776,1.189958,-0.4276482,59.63594
,,0,53.05556,-0.4792756,1.190825,-0.2808002,59.7403
,,0,53.5,-0.3720174,1.190996,-0.1852002,60.18382
,,0,53.94445,-0.3644483,1.186605,-0.1907802,66.12817
,,0,54.38889,-0.3500073,1.181384,-0.1905703,68.64252
,,0,54.83334,-0.3355808,1.173962,-0.1893088,73.66824
,,0,55.27778,-0.3321719,1.17077,-0.1909671,74.08774
,,0,55.72223,-0.488978,1.169703,-0.126338,75.13818
,,0,56.16667,-0.7624868,1.167191,-0.03127247,75.41145
,,0,56.61111,-0.7757477,1.164547,-0.04754412,76.7979
,,0,57.05556,-0.7832201,1.162379,-0.04439211,76.45992
,,0,57.5,-0.7782185,1.159771,-0.05024862,78.26727
,,0,57.94445,-0.7768164,1.159914,-0.04212749,77.16786
,,0,58.38889,-0.7763225,1.159962,-0.04161912,77.0896
,,0,58.83334,-0.7756572,1.159079,-0.04204333,77.16737
,,0,59.27778,-0.7749865,1.15866,-0.04196888,77.15385
,,0,59.72223,-0.7754173,1.15861,-0.04243195,77.34174
,,0,60.16667,-0.7761066,1.158905,-0.04251719,77.25053
,,0,60.61111,-0.7767391,1.158801,-0.0421145,77.253
,,0,61.05556,-0.7776372,1.15876,-0.04288816,77.35217
,,0,61.5,-0.7773031,1.159168,-0.04270983,77.45001
,,0,61.94445,-0.7775929,1.159129,-0.04340839,77.65668
,,0,62.38889,-0.777209,1.15874,-0.04358375,77.7923
,,0,62.83334,-1.11227,1.152946,0.06827354,80.57687
,,0,63.27778,-1.494301,1.148414,0.1232461,84.75388
,,0,63.72223,-1.591479,1.148161,0.139362,84.49901
,,0,64.16667,-1.592449,1.147339,0.1376981,85.05183
,,0,64.61111,-1.590441,1.16645,0.1236665,93.26646
,,0,65.05556,-1.341531,1.17286,0.02503586,93.12272
,,0,65.5,-1.032428,1.176898,-0.08630353,86.33314
,,0,65.94444,-0.7147719,1.177838,-0.192506,80.07893
,,0,66.38889,-0.5596677,1.180722,-0.2169619,77.16438
,,0,66.83334,-0.5537704,1.184281,-0.1611673,71.01384
,,0,67.27778,-0.5446564,1.183746,-0.1769192,76.68881
,,0,67.72222,-0.3479435,1.184414,-0.05195522,81.72697
,,0,68.16667,-0.2080489,1.197365,0.1788429,100.904
,,0,68.61111,-0.4228016,1.194861,0.4196724,121.393
,,0,69.05556,-0.4614531,1.190839,0.5217062,131.964
,,0,69.5,-0.4337934,1.189937,0.5165286,131.838
,,0,69.94444,-0.4377582,1.189418,0.5078954,133.9611
,,0,70.38889,-0.440475,1.186491,0.4979001,135.7732
,,0,70.83334,-0.4402409,1.184892,0.4948032,136.3739
,,0,71.27778,-0.4404452,1.184015,0.4934616,136.1431
,,0,71.72222,-0.4404883,1.183345,0.4922955,136.2723
,,0,72.16667,-0.4398648,1.182687,0.4920653,135.6077
,,0,72.61111,-0.4386108,1.182468,0.4924152,134.9165
,,0,73.05556,-0.4398737,1.181647,0.4909589,135.0527
,,0,73.5,-0.1850084,1.18104,0.4589053,135.3475
,,0,73.94444,-0.1275249,1.180275,0.4511015,135.0225
,,0,74.38889,-0.1280975,1.179897,0.4507889,134.9393
,,0,74.83334,-0.03338504,1.179034,0.4379965,134.7101
,,0,75.27778,-0.001935959,1.178124,0.4335003,134.4587
,,0,75.72222,-0.002172709,1.178219,0.4331046,134.4468
,,0,76.16667,-0.002070427,1.178407,0.4333844,134.4676
,,0,76.61111,-0.001969099,1.178678,0.431345,134.9471
,,0,77.05556,0.0003048182,1.176045,0.4319129,132.6423
,,0,77.5,0.0008164644,1.175544,0.434275,132.4747
,,0,77.94444,0.003715754,1.172451,0.4243228,132.6733
,,0,78.38889,0.002001286,1.168937,0.4214077,132.3042
,,0,78.83334,0.3168122,1.164756,0.4062061,129.5421
,,0,79.27778,0.6526451,1.162801,0.3714808,129.1138
,,0,79.72222,0.9805042,1.163269,0.3325971,129.4924
,,0,80.16667,1.307087,1.164062,0.2907015,129.8206
,,0,80.61111,1.500358,1.164088,0.2619152,130.1972
Participant ID,gender,Level,Time,PosX,PosY,PosZ,Facing Angle
,,0,9.066667,0.5117211,0.8976032,-0.4620374,245.6591
,,0,9.511111,0.5303947,0.9188826,-0.4461817,230.2334
,,0,9.955556,0.4421701,0.9094467,-0.4840592,280.4944
,,0,10.4,0.4104498,0.9296939,-0.4895049,295.1955
,,0,10.84444,0.403784,0.9356406,-0.3829635,293.6743
,,0,11.28889,0.4250577,0.9473945,-0.1581354,262.8226
,,0,11.73333,0.5831268,0.9472247,0.06359625,266.7772
,,0,12.17778,0.7372825,0.9423769,0.317884,262.9778
,,0,12.62222,0.7368735,0.9442231,0.575732,260.1207
,,0,13.06667,0.5870609,0.9672143,0.7632624,229.8475
,,0,13.51111,0.4066442,0.9675624,0.9393597,207.4317
,,0,13.95556,0.1996155,0.9747267,1.07535,194.4104
,,0,14.4,-0.06972551,0.9671259,1.108541,186.8483
,,0,14.84445,-0.3296196,0.9653178,1.047429,180.7715
,,0,15.28889,-0.562456,0.9547595,0.8912505,163.8229
,,0,15.73333,-0.7488675,0.9562269,0.7025901,153.0734
,,0,16.17778,-0.8564405,0.9429282,0.477107,149.0008
,,0,16.62222,-0.8521793,0.9301176,0.2997649,151.4775
,,0,17.06667,-0.6433415,0.9132444,0.2629974,152.9489
,,0,17.51111,-0.4687952,0.9580161,0.3199819,175.2292
,,0,17.95556,-0.198164,0.9753174,0.2325908,111.3142
,,0,18.4,-0.09472656,0.8429643,0.1519223,113.697
,,0,18.84444,-0.08999562,0.8097113,0.1418899,129.4633
,,0,19.28889,-0.08718395,0.7909921,0.1274073,137.1088
